Point,SiO2,TiO2,Al2O3,Cr2O3,FeO,MnO,MgO,CaO,Na2O,K2O,SrO,BaO,NiO,Total
Auf Dickel (along Line 001-010),63.87,0.01,18.73,0.02,0.15,b.d.l.,b.d.l.,0.01,3.02,12.18,b.d.l.,1.09,b.d.l.,99.08
Auf Dickel (along Line 011-020),63.77,0.01,18.67,b.d.l.,0.14,b.d.l.,b.d.l.,0.01,3.00,12.24,b.d.l.,1.12,b.d.l.,98.99
Auf Dickel (along Line 021-030),63.75,0.02,18.71,b.d.l.,0.16,b.d.l.,b.d.l.,0.01,2.98,12.25,b.d.l.,1.12,b.d.l.,99.01
Auf Dickel (along Line 031-040),63.72,0.01,18.68,0.03,0.16,b.d.l.,b.d.l.,0.01,3.00,12.23,b.d.l.,1.12,b.d.l.,98.95
Auf Dickel (along Line 041-050),63.52,0.02,18.72,b.d.l.,0.18,b.d.l.,b.d.l.,0.01,2.95,12.20,b.d.l.,1.10,b.d.l.,98.71
Auf Dickel (along Line 051-060),63.66,0.02,18.69,0.04,0.16,b.d.l.,b.d.l.,0.01,2.99,12.24,b.d.l.,1.08,b.d.l.,98.86
Auf Dickel (along Line 061-070),63.54,0.02,18.74,b.d.l.,0.16,b.d.l.,b.d.l.,0.01,2.99,12.29,b.d.l.,1.09,b.d.l.,98.84
Auf Dickel (across Line 001-010),63.51,0.02,18.72,b.d.l.,0.16,b.d.l.,b.d.l.,0.01,2.98,12.25,b.d.l.,1.10,b.d.l.,98.75
Auf Dickel (across Line 011-020),63.50,0.02,18.69,b.d.l.,0.15,b.d.l.,b.d.l.,0.01,3.01,12.24,b.d.l.,1.08,b.d.l.,98.72
Auf Dickel (across Line 021-030),60.65,0.02,17.99,b.d.l.,0.14,b.d.l.,b.d.l.,0.01,2.88,11.75,b.d.l.,1.03,b.d.l.,94.48
Auf Dickel (along Line 001-010),63.39,0.01,18.36,b.d.l.,0.17,b.d.l.,b.d.l.,0.03,3.14,12.29,b.d.l.,1.02,b.d.l.,98.43
Auf Dickel (along Line 011-020),63.35,0.02,18.50,b.d.l.,0.16,b.d.l.,b.d.l.,0.02,3.12,12.22,b.d.l.,1.03,b.d.l.,98.42
Auf Dickel (along Line 021-030),63.39,0.01,18.49,b.d.l.,0.18,b.d.l.,b.d.l.,0.01,3.07,12.15,b.d.l.,1.05,b.d.l.,98.36
Auf Dickel (along Line 031-040),63.38,0.02,18.62,b.d.l.,0.16,b.d.l.,b.d.l.,0.01,3.10,12.03,b.d.l.,1.10,b.d.l.,98.44
Auf Dickel (along Line 041-050),63.38,0.02,18.66,b.d.l.,0.17,b.d.l.,b.d.l.,0.01,3.04,12.08,b.d.l.,1.12,b.d.l.,98.50
Auf Dickel (along Line 051-060),63.43,0.02,18.64,b.d.l.,0.17,b.d.l.,b.d.l.,0.01,3.07,12.06,b.d.l.,1.07,b.d.l.,98.48
Auf Dickel (along Line 061-070),63.33,0.02,18.64,b.d.l.,0.17,b.d.l.,b.d.l.,0.01,3.12,12.00,b.d.l.,1.10,b.d.l.,98.40
Auf Dickel (across Line 001-010),63.25,0.02,18.68,b.d.l.,0.16,b.d.l.,b.d.l.,0.01,3.09,12.05,b.d.l.,1.08,b.d.l.,98.35
Auf Dickel (across Line 011-020),63.32,0.02,18.68,b.d.l.,0.17,b.d.l.,b.d.l.,0.01,3.08,12.07,b.d.l.,1.08,b.d.l.,98.46
Auf Dickel (across Line 021-030),63.31,0.02,18.65,b.d.l.,0.17,b.d.l.,b.d.l.,0.02,3.17,11.99,b.d.l.,1.09,b.d.l.,98.42
Am Acker (along Line 001-010),63.10,0.01,18.58,b.d.l.,0.15,b.d.l.,b.d.l.,0.01,2.95,12.23,b.d.l.,1.03,b.d.l.,98.08
Am Acker (along Line 011-020),63.21,0.01,18.62,b.d.l.,0.15,b.d.l.,b.d.l.,0.01,2.97,12.20,b.d.l.,1.04,b.d.l.,98.24
Am Acker (along Line 021-030),63.12,0.01,18.60,b.d.l.,0.15,b.d.l.,b.d.l.,0.01,2.99,12.15,b.d.l.,1.07,b.d.l.,98.11
Am Acker (along Line 031-040),63.18,0.01,18.63,b.d.l.,0.16,b.d.l.,b.d.l.,0.01,2.95,12.22,b.d.l.,1.08,b.d.l.,98.25
Am Acker (along Line 041-050),63.15,0.01,18.56,b.d.l.,0.15,b.d.l.,b.d.l.,0.01,2.95,12.21,b.d.l.,1.11,b.d.l.,98.16
Am Acker (along Line 051-060),63.22,0.01,18.61,b.d.l.,0.15,b.d.l.,b.d.l.,0.01,2.93,12.22,b.d.l.,1.08,b.d.l.,98.24
Am Acker (along Line 061-070),61.79,0.01,17.97,b.d.l.,0.15,b.d.l.,b.d.l.,0.01,2.83,11.84,b.d.l.,1.05,b.d.l.,95.65
Am Acker (across Line 001-010),63.22,0.01,18.70,b.d.l.,0.16,b.d.l.,b.d.l.,0.01,2.91,12.26,b.d.l.,1.10,b.d.l.,98.38
Am Acker (across Line 011-020),63.14,0.01,18.64,b.d.l.,0.15,b.d.l.,b.d.l.,0.01,2.90,12.26,b.d.l.,1.10,b.d.l.,98.23
Am Acker (across Line 021-030),51.66,0.04,15.29,b.d.l.,0.28,b.d.l.,0.03,5.11,2.42,9.85,b.d.l.,0.88,0.03,85.66
Am Acker (along Line 001-010),63.39,0.01,18.57,b.d.l.,0.16,b.d.l.,b.d.l.,0.01,2.97,12.15,b.d.l.,1.03,b.d.l.,98.32
Am Acker (along Line 011-020),63.29,0.01,18.59,b.d.l.,0.15,b.d.l.,b.d.l.,0.01,2.96,12.19,b.d.l.,1.04,b.d.l.,98.26
Am Acker (along Line 021-030),63.22,0.01,18.58,b.d.l.,0.16,b.d.l.,b.d.l.,0.01,3.05,12.05,b.d.l.,1.08,b.d.l.,98.18
Am Acker (along Line 031-040),63.39,0.02,18.66,b.d.l.,0.17,b.d.l.,b.d.l.,0.01,3.03,12.04,b.d.l.,1.14,b.d.l.,98.48
Am Acker (along Line 041-050),63.38,0.01,18.74,b.d.l.,0.16,b.d.l.,b.d.l.,0.01,3.07,11.99,b.d.l.,1.14,b.d.l.,98.52
Am Acker (along Line 051-060),63.31,0.02,18.69,b.d.l.,0.16,b.d.l.,b.d.l.,0.01,3.01,12.06,b.d.l.,1.12,b.d.l.,98.39
Am Acker (along Line 061-070),63.25,0.02,18.68,b.d.l.,0.17,b.d.l.,b.d.l.,0.02,2.99,12.12,b.d.l.,1.15,b.d.l.,98.39
Am Acker (across Line 001-010),63.34,0.02,18.69,b.d.l.,0.16,b.d.l.,b.d.l.,0.01,2.99,12.15,b.d.l.,1.08,b.d.l.,98.44
Am Acker (across Line 011-020),63.06,0.01,18.64,b.d.l.,0.17,b.d.l.,b.d.l.,0.01,2.98,12.09,b.d.l.,1.18,b.d.l.,98.15
Am Acker (across Line 021-030),63.31,0.02,18.76,b.d.l.,0.17,b.d.l.,b.d.l.,0.01,3.00,12.07,b.d.l.,1.09,b.d.l.,98.45
